Region,Sub-region,Country,Indicator,Year,Count
Europe,Southern Europe,Albania,Total persons held,2003,2561
Europe,Southern Europe,Albania,Total persons held,2004,2321
Europe,Southern Europe,Albania,Total persons held,2005,2592
Europe,Southern Europe,Albania,Total persons held,2006,2857
Europe,Southern Europe,Albania,Total persons held,2007,2790
Europe,Southern Europe,Albania,Total persons held,2008,4916
Europe,Southern Europe,Albania,Total persons held,2015,5981
Europe,Southern Europe,Albania,Total persons held,2016,6031
Europe,Southern Europe,Albania,Total persons held,2017,5674
Europe,Southern Europe,Albania,Number of facilities,2017,23
Europe,Southern Europe,Albania,Number of facilities,2016,23
Europe,Southern Europe,Albania,Total persons held,2009,4667
Europe,Southern Europe,Albania,Total persons held,2010,4657
Europe,Southern Europe,Albania,Total persons held,2011,4659
Europe,Southern Europe,Albania,Total persons held,2012,4618
Europe,Southern Europe,Albania,Total persons held,2013,4998
Europe,Southern Europe,Albania,Total persons held,2014,5689
Americas,South America,Argentina,Total persons held,2005,55423
Americas,South America,Argentina,Total persons held,2006,54000
Americas,South America,Argentina,Total persons held,2007,52457
Americas,South America,Argentina,Total persons held,2008,54537
Americas,South America,Argentina,Total persons held,2009,57403
Americas,South America,Argentina,Total persons held,2010,59227
Americas,South America,Argentina,Total persons held,2017,85283
Americas,South America,Argentina,Total persons held,2011,60789
Americas,South America,Argentina,Total persons held,2012,62263
Americas,South America,Argentina,Total persons held,2013,64288
Americas,South America,Argentina,Total persons held,2014,69060
Americas,South America,Argentina,Total persons held,2015,72693
Americas,South America,Argentina,Total persons held,2016,76261
Asia,Western Asia,Armenia,Total persons held,2004,2856
Asia,Western Asia,Armenia,Total persons held,2005,2710
Asia,Western Asia,Armenia,Total persons held,2006,2873
Asia,Western Asia,Armenia,Total persons held,2007,3083
Asia,Western Asia,Armenia,Total persons held,2008,3539
Asia,Western Asia,Armenia,Total persons held,2009,3965
Asia,Western Asia,Armenia,Total persons held,2016,3833
Asia,Western Asia,Armenia,Total persons held,2017,3536
Asia,Western Asia,Armenia,Total persons held,2015,3873
Asia,Western Asia,Armenia,Total persons held,2014,3880
Asia,Western Asia,Armenia,Total persons held,2013,3923
Asia,Western Asia,Armenia,Total persons held,2012,4756
Asia,Western Asia,Armenia,Total persons held,2011,5142
Asia,Western Asia,Armenia,Total persons held,2010,4313
Oceania,Australia and New Zealand,Australia,Total persons held,2003,23555
Oceania,Australia and New Zealand,Australia,Total persons held,2004,24171
Oceania,Australia and New Zealand,Australia,Total persons held,2007,27224
Oceania,Australia and New Zealand,Australia,Total persons held,2008,27615
Oceania,Australia and New Zealand,Australia,Total persons held,2009,29317
Oceania,Australia and New Zealand,Australia,Total persons held,2010,29700
Oceania,Australia and New Zealand,Australia,Total persons held,2017,41202
Oceania,Australia and New Zealand,Australia,Number of facilities,2017,114
Oceania,Australia and New Zealand,Australia,Total persons held,2011,29106
Oceania,Australia and New Zealand,Australia,Total persons held,2012,29381
Oceania,Australia and New Zealand,Australia,Total persons held,2015,36134
Oceania,Australia and New Zealand,Australia,Total persons held,2016,38845
Oceania,Australia and New Zealand,Australia,Total persons held,2014,33789
Oceania,Australia and New Zealand,Australia,Total persons held,2013,30773
Europe,Western Europe,Austria,Total persons held,2005,8956
Europe,Western Europe,Austria,Total persons held,2006,9005
Europe,Western Europe,Austria,Total persons held,2007,9012
Europe,Western Europe,Austria,Total persons held,2008,8248
Europe,Western Europe,Austria,Total persons held,2009,8708
Europe,Western Europe,Austria,Total persons held,2010,8813
Europe,Western Europe,Austria,Number of facilities,2016,27
Europe,Western Europe,Austria,Number of facilities,2015,27
Europe,Western Europe,Austria,Number of facilities,2017,27
Europe,Western Europe,Austria,Total persons held,2011,8954
Europe,Western Europe,Austria,Total persons held,2012,8805
Europe,Western Europe,Austria,Total persons held,2013,8862
Europe,Western Europe,Austria,Total persons held,2014,8692
Europe,Western Europe,Austria,Total persons held,2016,8619
Europe,Western Europe,Austria,Total persons held,2017,8852
Asia,Western Asia,Azerbaijan,Total persons held,2004,18504
Asia,Western Asia,Azerbaijan,Total persons held,2005,17845
Asia,Western Asia,Azerbaijan,Total persons held,2006,18656
Asia,Western Asia,Azerbaijan,Total persons held,2007,19559
Asia,Western Asia,Azerbaijan,Total persons held,2013,20669
Asia,Western Asia,Azerbaijan,Total persons held,2012,20782
Asia,Western Asia,Azerbaijan,Total persons held,2017,23319
Asia,Western Asia,Azerbaijan,Total persons held,2011,20546
Asia,Western Asia,Azerbaijan,Total persons held,2010,21971
Asia,Western Asia,Azerbaijan,Total persons held,2009,20651
Asia,Western Asia,Azerbaijan,Total persons held,2008,20986
Asia,Western Asia,Azerbaijan,Total persons held,2014,22526
Asia,Western Asia,Azerbaijan,Total persons held,2016,23311
Americas,Caribbean,Barbados,Total persons held,2007,1010
Americas,Caribbean,Barbados,Total persons held,2008,1046
Americas,Caribbean,Barbados,Total persons held,2009,898
Americas,Caribbean,Barbados,Total persons held,2010,910
Americas,Caribbean,Barbados,Total persons held,2011,1060
Americas,Caribbean,Barbados,Total persons held,2012,1045
Americas,Caribbean,Barbados,Number of facilities,2014,1
Americas,Caribbean,Barbados,Total persons held,2013,908
Americas,Caribbean,Barbados,Total persons held,2014,864
Americas,Caribbean,Barbados,Total persons held,2015,954
Americas,Caribbean,Barbados,Number of facilities,2017,1
Americas,Caribbean,Barbados,Number of facilities,2016,1
Americas,Caribbean,Barbados,Number of facilities,2015,1
Africa,Western Africa,Benin,Total persons held,2017,7801
Americas,Northern America,Bermuda,Total persons held,2003,325
Americas,Northern America,Bermuda,Total persons held,2004,364
Americas,Northern America,Bermuda,Total persons held,2017,200
Americas,Northern America,Bermuda,Number of facilities,2017,4
Europe,Eastern Europe,Bulgaria,Total persons held,2003,10066
Europe,Eastern Europe,Bulgaria,Total persons held,2004,10871
Europe,Eastern Europe,Bulgaria,Total persons held,2005,11436
Europe,Eastern Europe,Bulgaria,Total persons held,2006,11058
Europe,Eastern Europe,Bulgaria,Total persons held,2007,10271
Europe,Eastern Europe,Bulgaria,Total persons held,2008,9408
Europe,Eastern Europe,Bulgaria,Number of facilities,2014,68
Europe,Eastern Europe,Bulgaria,Total persons held,2015,7408
Europe,Eastern Europe,Bulgaria,Total persons held,2016,7345
Europe,Eastern Europe,Bulgaria,Total persons held,2017,6988
Europe,Eastern Europe,Bulgaria,Number of facilities,2017,68
Europe,Eastern Europe,Bulgaria,Number of facilities,2016,68
Europe,Eastern Europe,Bulgaria,Number of facilities,2015,68
Europe,Eastern Europe,Bulgaria,Total persons held,2009,9006
Europe,Eastern Europe,Bulgaria,Total persons held,2010,9379
Europe,Eastern Europe,Bulgaria,Total persons held,2011,9885
Europe,Eastern Europe,Bulgaria,Total persons held,2012,9493
Europe,Eastern Europe,Bulgaria,Total persons held,2013,8834
Europe,Eastern Europe,Bulgaria,Total persons held,2014,7870
Africa,Middle Africa,Cameroon,Total persons held,2009,23368
Africa,Middle Africa,Cameroon,Total persons held,2015,28120
Africa,Middle Africa,Cameroon,Total persons held,2014,25908
Africa,Middle Africa,Cameroon,Total persons held,2013,25314
Africa,Middle Africa,Cameroon,Total persons held,2012,22891
Africa,Middle Africa,Cameroon,Total persons held,2011,22812
Africa,Middle Africa,Cameroon,Total persons held,2010,23766
Africa,Middle Africa,Cameroon,Total persons held,2017,31836
Africa,Middle Africa,Cameroon,Total persons held,2016,29341
Americas,South America,Chile,Total persons held,2003,38086
Americas,South America,Chile,Total persons held,2004,38064
Americas,South America,Chile,Total persons held,2005,38849
Americas,South America,Chile,Total persons held,2006,42532
Americas,South America,Chile,Total persons held,2007,48090
Americas,South America,Chile,Total persons held,2008,53541
Americas,South America,Chile,Total persons held,2016,47305
Americas,South America,Chile,Total persons held,2015,46235
Americas,South America,Chile,Total persons held,2014,47683
Americas,South America,Chile,Number of facilities,2017,84
Americas,South America,Chile,Number of facilities,2016,82
Americas,South America,Chile,Total persons held,2009,58044
Americas,South America,Chile,Total persons held,2010,60148
Americas,South America,Chile,Total persons held,2011,59261
Americas,South America,Chile,Total persons held,2013,53050
Americas,South America,Chile,Total persons held,2012,56372
Americas,South America,Chile,Total persons held,2017,45910
Americas,South America,Colombia,Total persons held,2003,62277
Americas,South America,Colombia,Total persons held,2004,68020
Americas,South America,Colombia,Total persons held,2005,66829
Americas,South America,Colombia,Total persons held,2006,60021
Americas,South America,Colombia,Total persons held,2007,63603
Americas,South America,Colombia,Total persons held,2008,69979
Americas,South America,Colombia,Total persons held,2016,118532
Americas,South America,Colombia,Total persons held,2015,120444
Americas,South America,Colombia,Total persons held,2017,114750
Americas,South America,Colombia,Number of facilities,2017,191
Americas,South America,Colombia,Total persons held,2009,75992
Americas,South America,Colombia,Total persons held,2010,84444
Americas,South America,Colombia,Total persons held,2011,100451
Americas,South America,Colombia,Total persons held,2012,113884
Americas,South America,Colombia,Total persons held,2013,120032
Americas,South America,Colombia,Total persons held,2014,113623
Americas,Central America,Costa Rica,Total persons held,2004,9056
Americas,Central America,Costa Rica,Total persons held,2005,8818
Americas,Central America,Costa Rica,Total persons held,2006,7712
Americas,Central America,Costa Rica,Total persons held,2007,7500
Americas,Central America,Costa Rica,Total persons held,2008,8225
Americas,Central America,Costa Rica,Total persons held,2009,9431
Americas,Central America,Costa Rica,Total persons held,2016,13338
Americas,Central America,Costa Rica,Total persons held,2017,14224
Americas,Central America,Costa Rica,Total persons held,2010,10541
Americas,Central America,Costa Rica,Total persons held,2011,12154
Americas,Central America,Costa Rica,Total persons held,2013,13647
Americas,Central America,Costa Rica,Total persons held,2012,13407
Americas,Central America,Costa Rica,Total persons held,2014,13854
Americas,Central America,Costa Rica,Total persons held,2015,13999
Europe,Southern Europe,Croatia,Total persons held,2003,2805
Europe,Southern Europe,Croatia,Total persons held,2004,3029
Europe,Southern Europe,Croatia,Total persons held,2005,3485
Europe,Southern Europe,Croatia,Total persons held,2006,3833
Europe,Southern Europe,Croatia,Total persons held,2007,4290
Europe,Southern Europe,Croatia,Total persons held,2008,4734
Europe,Southern Europe,Croatia,Total persons held,2016,3108
Europe,Southern Europe,Croatia,Total persons held,2017,3108
Europe,Southern Europe,Croatia,Total persons held,2013,4352
Europe,Southern Europe,Croatia,Total persons held,2014,3763
Europe,Southern Europe,Croatia,Total persons held,2015,3341
Europe,Southern Europe,Croatia,Total persons held,2009,4891
Europe,Southern Europe,Croatia,Total persons held,2010,5165
Europe,Southern Europe,Croatia,Total persons held,2011,5084
Europe,Southern Europe,Croatia,Total persons held,2012,4741
Asia,Western Asia,Cyprus,Total persons held,2003,359
Asia,Western Asia,Cyprus,Total persons held,2004,454
Asia,Western Asia,Cyprus,Total persons held,2005,502
Asia,Western Asia,Cyprus,Total persons held,2006,578
Asia,Western Asia,Cyprus,Total persons held,2007,547
Asia,Western Asia,Cyprus,Total persons held,2008,652
Asia,Western Asia,Cyprus,Total persons held,2014,532
Asia,Western Asia,Cyprus,Total persons held,2016,586
Asia,Western Asia,Cyprus,Total persons held,2017,592
Asia,Western Asia,Cyprus,Total persons held,2009,578
Asia,Western Asia,Cyprus,Total persons held,2010,636
Asia,Western Asia,Cyprus,Total persons held,2011,622
Asia,Western Asia,Cyprus,Total persons held,2012,678
Asia,Western Asia,Cyprus,Total persons held,2013,553
Asia,Western Asia,Cyprus,Total persons held,2015,547
Europe,Eastern Europe,Czech Republic,Total persons held,2004,18343
Europe,Eastern Europe,Czech Republic,Total persons held,2005,18937
Europe,Eastern Europe,Czech Republic,Total persons held,2006,18578
Europe,Eastern Europe,Czech Republic,Total persons held,2007,18901
Europe,Eastern Europe,Czech Republic,Total persons held,2008,20502
Europe,Eastern Europe,Czech Republic,Total persons held,2009,21853
Europe,Eastern Europe,Czech Republic,Total persons held,2016,22481
Europe,Eastern Europe,Czech Republic,Total persons held,2017,22159
Europe,Eastern Europe,Czech Republic,Number of facilities,2017,35
Europe,Eastern Europe,Czech Republic,Number of facilities,2016,35
Europe,Eastern Europe,Czech Republic,Number of facilities,2015,35
Europe,Eastern Europe,Czech Republic,Number of facilities,2014,35
Europe,Eastern Europe,Czech Republic,Total persons held,2010,21900
Europe,Eastern Europe,Czech Republic,Total persons held,2011,23170
Europe,Eastern Europe,Czech Republic,Total persons held,2012,22644
Europe,Eastern Europe,Czech Republic,Total persons held,2013,16645
Europe,Eastern Europe,Czech Republic,Total persons held,2014,18658
Europe,Eastern Europe,Czech Republic,Total persons held,2015,20866
Europe,Northern Europe,Denmark,Total persons held,2003,3641
Europe,Northern Europe,Denmark,Total persons held,2004,3767
Europe,Northern Europe,Denmark,Total persons held,2005,4041
Europe,Northern Europe,Denmark,Total persons held,2006,3932
Europe,Northern Europe,Denmark,Total persons held,2007,3624
Europe,Northern Europe,Denmark,Total persons held,2008,3451
Europe,Northern Europe,Denmark,Number of facilities,2014,58
Europe,Northern Europe,Denmark,Total persons held,2015,3203
Europe,Northern Europe,Denmark,Total persons held,2016,3408
Europe,Northern Europe,Denmark,Total persons held,2017,3418
Europe,Northern Europe,Denmark,Number of facilities,2017,51
Europe,Northern Europe,Denmark,Number of facilities,2016,53
Europe,Northern Europe,Denmark,Number of facilities,2015,58
Europe,Northern Europe,Denmark,Total persons held,2009,3721
Europe,Northern Europe,Denmark,Total persons held,2010,3944
Europe,Northern Europe,Denmark,Total persons held,2011,3947
Europe,Northern Europe,Denmark,Total persons held,2012,3829
Europe,Northern Europe,Denmark,Total persons held,2013,4091
Europe,Northern Europe,Denmark,Total persons held,2014,3583
Americas,Caribbean,Dominica,Number of facilities,2016,1
Americas,Caribbean,Dominica,Number of facilities,2015,1
Americas,Caribbean,Dominica,Number of facilities,2014,1
Americas,Caribbean,Dominica,Total persons held,2017,190
Americas,Caribbean,Dominica,Total persons held,2016,203
Americas,Caribbean,Dominica,Total persons held,2015,181
Americas,Caribbean,Dominica,Total persons held,2014,187
Americas,Caribbean,Dominica,Number of facilities,2017,1
Americas,South America,Ecuador,Total persons held,2003,9866
Americas,South America,Ecuador,Total persons held,2004,11358
Americas,South America,Ecuador,Total persons held,2014,24036
Americas,South America,Ecuador,Total persons held,2013,25494
Americas,South America,Ecuador,Total persons held,2012,21305
Americas,South America,Ecuador,Total persons held,2016,34665
Americas,South America,Ecuador,Total persons held,2017,37316
Americas,South America,Ecuador,Total persons held,2015,28379
Americas,South America,Ecuador,Number of facilities,2017,63
Americas,South America,Ecuador,Number of facilities,2016,65
Americas,South America,Ecuador,Number of facilities,2015,63
Americas,South America,Ecuador,Number of facilities,2014,61
Americas,Central America,El Salvador,Total persons held,2005,12525
Americas,Central America,El Salvador,Total persons held,2006,14771
Americas,Central America,El Salvador,Total persons held,2007,17867
Americas,Central America,El Salvador,Total persons held,2008,19814
Americas,Central America,El Salvador,Total persons held,2009,22101
Americas,Central America,El Salvador,Total persons held,2010,24662
Americas,Central America,El Salvador,Total persons held,2011,25367
Americas,Central America,El Salvador,Total persons held,2012,28383
Americas,Central America,El Salvador,Total persons held,2013,26848
Americas,Central America,El Salvador,Total persons held,2014,28334
Americas,Central America,El Salvador,Total persons held,2015,32645
Americas,Central America,El Salvador,Total persons held,2017,39719
Europe,Northern Europe,Estonia,Total persons held,2003,4576
Europe,Northern Europe,Estonia,Total persons held,2004,4565
Europe,Northern Europe,Estonia,Total persons held,2005,4410
Europe,Northern Europe,Estonia,Total persons held,2006,4310
Europe,Northern Europe,Estonia,Total persons held,2007,3456
Europe,Northern Europe,Estonia,Total persons held,2008,3656
Europe,Northern Europe,Estonia,Total persons held,2015,2823
Europe,Northern Europe,Estonia,Total persons held,2017,2723
Europe,Northern Europe,Estonia,Number of facilities,2017,3
Europe,Northern Europe,Estonia,Number of facilities,2016,3
Europe,Northern Europe,Estonia,Total persons held,2009,3555
Europe,Northern Europe,Estonia,Total persons held,2010,3393
Europe,Northern Europe,Estonia,Total persons held,2011,3400
Europe,Northern Europe,Estonia,Total persons held,2012,3286
Europe,Northern Europe,Estonia,Total persons held,2013,3112
Europe,Northern Europe,Estonia,Total persons held,2014,3034
Europe,Northern Europe,Finland,Total persons held,2003,3641
Europe,Northern Europe,Finland,Total persons held,2004,3704
Europe,Northern Europe,Finland,Total persons held,2005,3867
Europe,Northern Europe,Finland,Total persons held,2006,3851
Europe,Northern Europe,Finland,Total persons held,2007,3625
Europe,Northern Europe,Finland,Total persons held,2008,3530
Europe,Northern Europe,Finland,Total persons held,2016,3156
Europe,Northern Europe,Finland,Total persons held,2017,3082
Europe,Northern Europe,Finland,Number of facilities,2017,26
Europe,Northern Europe,Finland,Number of facilities,2016,26
Europe,Northern Europe,Finland,Number of facilities,2015,26
Europe,Northern Europe,Finland,Number of facilities,2014,26
Europe,Northern Europe,Finland,Total persons held,2014,3148
Europe,Northern Europe,Finland,Total persons held,2015,3135
Europe,Northern Europe,Finland,Total persons held,2009,3589
Europe,Northern Europe,Finland,Total persons held,2010,3364
Europe,Northern Europe,Finland,Total persons held,2011,3268
Europe,Northern Europe,Finland,Total persons held,2012,3306
Europe,Northern Europe,Finland,Total persons held,2013,3295
Europe,Western Europe,France,Total persons held,2006,58402
Europe,Western Europe,France,Total persons held,2007,61076
Europe,Western Europe,France,Total persons held,2008,62252
Europe,Western Europe,France,Total persons held,2009,60978
Europe,Western Europe,France,Total persons held,2010,60544
Europe,Western Europe,France,Total persons held,2011,64787
Europe,Western Europe,France,Total persons held,2017,68974
Europe,Western Europe,France,Total persons held,2014,66270
Europe,Western Europe,France,Total persons held,2015,66678
Europe,Western Europe,France,Total persons held,2016,68432
Europe,Western Europe,France,Total persons held,2013,67075
Europe,Western Europe,France,Total persons held,2012,66572
Europe,Western Europe,Germany,Total persons held,2003,80829
Europe,Western Europe,Germany,Total persons held,2004,80933
Europe,Western Europe,Germany,Total persons held,2005,80201
Europe,Western Europe,Germany,Total persons held,2006,78063
Europe,Western Europe,Germany,Total persons held,2007,75153
Europe,Western Europe,Germany,Total persons held,2008,73793
Europe,Western Europe,Germany,Number of facilities,2014,184
Europe,Western Europe,Germany,Total persons held,2015,63020
Europe,Western Europe,Germany,Total persons held,2016,64291
Europe,Western Europe,Germany,Total persons held,2017,65841
Europe,Western Europe,Germany,Number of facilities,2017,180
Europe,Western Europe,Germany,Number of facilities,2016,182
Europe,Western Europe,Germany,Number of facilities,2015,183
Europe,Western Europe,Germany,Total persons held,2009,72295
Europe,Western Europe,Germany,Total persons held,2010,70827
Europe,Western Europe,Germany,Total persons held,2011,69543
Europe,Western Europe,Germany,Total persons held,2012,68533
Europe,Western Europe,Germany,Total persons held,2013,66221
Europe,Western Europe,Germany,Total persons held,2014,63228
Europe,Southern Europe,Greece,Total persons held,2005,9871
Europe,Southern Europe,Greece,Total persons held,2006,10280
Europe,Southern Europe,Greece,Total persons held,2007,11255
Europe,Southern Europe,Greece,Total persons held,2008,12315
Europe,Southern Europe,Greece,Total persons held,2010,12349
Europe,Southern Europe,Greece,Total persons held,2009,11364
Europe,Southern Europe,Greece,Total persons held,2016,9560
Europe,Southern Europe,Greece,Total persons held,2017,10011
Europe,Southern Europe,Greece,Total persons held,2015,9611
Europe,Southern Europe,Greece,Total persons held,2013,12693
Europe,Southern Europe,Greece,Total persons held,2014,11798
Europe,Southern Europe,Greece,Total persons held,2012,12475
Europe,Southern Europe,Greece,Total persons held,2011,12479
Americas,Caribbean,Grenada,Total persons held,2014,513
Americas,Caribbean,Grenada,Total persons held,2013,480
Americas,Caribbean,Grenada,Total persons held,2012,489
Americas,Caribbean,Grenada,Total persons held,2011,457
Americas,Caribbean,Grenada,Total persons held,2010,438
Americas,Caribbean,Grenada,Total persons held,2009,409
Americas,Caribbean,Grenada,Number of facilities,2014,1
Americas,Caribbean,Grenada,Total persons held,2015,502
Americas,Caribbean,Grenada,Total persons held,2016,457
Americas,Caribbean,Grenada,Total persons held,2017,442
Americas,Caribbean,Grenada,Number of facilities,2017,1
Americas,Caribbean,Grenada,Number of facilities,2016,1
Americas,Caribbean,Grenada,Number of facilities,2015,1
Africa,Western Africa,Guinea-Bissau,Total persons held,2016,865
Africa,Western Africa,Guinea-Bissau,Total persons held,2014,526
Africa,Western Africa,Guinea-Bissau,Total persons held,2017,596
Americas,South America,Guyana,Total persons held,2004,1280
Americas,South America,Guyana,Total persons held,2005,1461
Americas,South America,Guyana,Total persons held,2006,1861
Americas,South America,Guyana,Total persons held,2007,2171
Americas,South America,Guyana,Total persons held,2008,2117
Americas,South America,Guyana,Total persons held,2009,2179
Americas,South America,Guyana,Number of facilities,2017,6
Americas,South America,Guyana,Total persons held,2013,1998
Americas,South America,Guyana,Total persons held,2015,1998
Americas,South America,Guyana,Total persons held,2017,2226
Americas,South America,Guyana,Total persons held,2016,2192
Americas,South America,Guyana,Total persons held,2010,2160
Americas,South America,Guyana,Total persons held,2011,2035
Americas,South America,Guyana,Total persons held,2012,2032
Americas,Central America,Honduras,Total persons held,2015,16158
Americas,Central America,Honduras,Total persons held,2014,14882
Americas,Central America,Honduras,Total persons held,2012,12095
Americas,Central America,Honduras,Total persons held,2011,12006
Americas,Central America,Honduras,Total persons held,2010,11770
Americas,Central America,Honduras,Total persons held,2016,17494
Americas,Central America,Honduras,Total persons held,2013,13184
Americas,Central America,Honduras,Total persons held,2017,19335
Americas,Central America,Honduras,Number of facilities,2017,25
Europe,Eastern Europe,Hungary,Total persons held,2003,16860
Europe,Eastern Europe,Hungary,Total persons held,2004,16546
Europe,Eastern Europe,Hungary,Total persons held,2005,15755
Europe,Eastern Europe,Hungary,Total persons held,2006,14822
Europe,Eastern Europe,Hungary,Total persons held,2007,14353
Europe,Eastern Europe,Hungary,Total persons held,2008,14743
Europe,Eastern Europe,Hungary,Total persons held,2016,17658
Europe,Eastern Europe,Hungary,Total persons held,2015,17449
Europe,Eastern Europe,Hungary,Total persons held,2017,17343
Europe,Eastern Europe,Hungary,Number of facilities,2017,29
Europe,Eastern Europe,Hungary,Number of facilities,2016,29
Europe,Eastern Europe,Hungary,Total persons held,2009,15432
Europe,Eastern Europe,Hungary,Total persons held,2010,16328
Europe,Eastern Europe,Hungary,Total persons held,2011,17210
Europe,Eastern Europe,Hungary,Total persons held,2012,17179
Europe,Eastern Europe,Hungary,Total persons held,2013,17841
Europe,Eastern Europe,Hungary,Total persons held,2014,17890
Europe,Northern Europe,Iceland,Number of facilities,2015,5
Europe,Northern Europe,Iceland,Number of facilities,2014,6
Europe,Northern Europe,Iceland,Total persons held,2017,131
Europe,Northern Europe,Iceland,Total persons held,2016,124
Europe,Northern Europe,Iceland,Total persons held,2015,146
Europe,Northern Europe,Iceland,Total persons held,2014,154
Europe,Northern Europe,Iceland,Number of facilities,2016,5
Europe,Northern Europe,Iceland,Total persons held,2012,153
Europe,Northern Europe,Iceland,Total persons held,2013,147
Europe,Northern Europe,Iceland,Total persons held,2006,119
Europe,Northern Europe,Iceland,Total persons held,2007,115
Europe,Northern Europe,Iceland,Total persons held,2008,140
Europe,Northern Europe,Iceland,Total persons held,2009,148
Europe,Northern Europe,Iceland,Total persons held,2010,167
Europe,Northern Europe,Iceland,Total persons held,2011,150
Europe,Northern Europe,Iceland,Total persons held,2003,109
Europe,Northern Europe,Iceland,Total persons held,2004,115
Europe,Northern Europe,Iceland,Total persons held,2005,119
Asia,South-Eastern Asia,Indonesia,Total persons held,2012,156446
Asia,South-Eastern Asia,Indonesia,Total persons held,2013,160061
Asia,South-Eastern Asia,Indonesia,Total persons held,2014,159964
Asia,South-Eastern Asia,Indonesia,Total persons held,2015,173572
Asia,South-Eastern Asia,Indonesia,Total persons held,2016,202621
Asia,South-Eastern Asia,Indonesia,Total persons held,2017,232081
Europe,Northern Europe,Ireland,Total persons held,2003,3234
Europe,Northern Europe,Ireland,Total persons held,2004,3162
Europe,Northern Europe,Ireland,Total persons held,2005,3022
Europe,Northern Europe,Ireland,Total persons held,2006,3080
Europe,Northern Europe,Ireland,Total persons held,2007,3253
Europe,Northern Europe,Ireland,Total persons held,2008,3484
Europe,Northern Europe,Ireland,Total persons held,2014,3777
Europe,Northern Europe,Ireland,Total persons held,2016,3716
Europe,Northern Europe,Ireland,Total persons held,2017,3680
Europe,Northern Europe,Ireland,Total persons held,2009,3868
Europe,Northern Europe,Ireland,Total persons held,2010,4318
Europe,Northern Europe,Ireland,Total persons held,2011,4216
Europe,Northern Europe,Ireland,Total persons held,2012,4287
Europe,Northern Europe,Ireland,Total persons held,2013,4088
Europe,Northern Europe,Ireland,Total persons held,2015,3755
Europe,Southern Europe,Italy,Total persons held,2003,54993
Europe,Southern Europe,Italy,Total persons held,2004,56903
Europe,Southern Europe,Italy,Total persons held,2005,60415
Europe,Southern Europe,Italy,Total persons held,2006,39794
Europe,Southern Europe,Italy,Total persons held,2007,49697
Europe,Southern Europe,Italy,Total persons held,2008,59284
Europe,Southern Europe,Italy,Number of facilities,2014,202
Europe,Southern Europe,Italy,Total persons held,2010,69263
Europe,Southern Europe,Italy,Total persons held,2016,55978
Europe,Southern Europe,Italy,Total persons held,2017,59038
Europe,Southern Europe,Italy,Number of facilities,2017,231
Europe,Southern Europe,Italy,Number of facilities,2016,190
Europe,Southern Europe,Italy,Number of facilities,2015,195
Europe,Southern Europe,Italy,Total persons held,2009,65598
Europe,Southern Europe,Italy,Total persons held,2011,68325
Europe,Southern Europe,Italy,Total persons held,2012,67102
Europe,Southern Europe,Italy,Total persons held,2013,63848
Europe,Southern Europe,Italy,Total persons held,2014,54745
Europe,Southern Europe,Italy,Total persons held,2015,53410
Americas,Caribbean,Jamaica,Total persons held,2009,5163
Americas,Caribbean,Jamaica,Total persons held,2011,4457
Americas,Caribbean,Jamaica,Total persons held,2012,4364
Americas,Caribbean,Jamaica,Total persons held,2013,4112
Americas,Caribbean,Jamaica,Total persons held,2014,4034
Americas,Caribbean,Jamaica,Total persons held,2015,3854
Americas,Caribbean,Jamaica,Total persons held,2016,3799
Americas,Caribbean,Jamaica,Total persons held,2017,3857
Asia,Central Asia,Kazakhstan,Total persons held,2005,52203
Asia,Central Asia,Kazakhstan,Total persons held,2006,51544
Asia,Central Asia,Kazakhstan,Total persons held,2013,42052
Asia,Central Asia,Kazakhstan,Total persons held,2012,45335
Asia,Central Asia,Kazakhstan,Total persons held,2011,49401
Asia,Central Asia,Kazakhstan,Total persons held,2010,55140
Asia,Central Asia,Kazakhstan,Total persons held,2009,50495
Asia,Central Asia,Kazakhstan,Total persons held,2008,48270
Asia,Central Asia,Kazakhstan,Total persons held,2015,42114
Asia,Central Asia,Kazakhstan,Total persons held,2014,43220
Asia,Central Asia,Kazakhstan,Total persons held,2017,36343
Asia,Central Asia,Kazakhstan,Number of facilities,2017,86
Africa,Eastern Africa,Kenya,Total persons held,2013,53430
Africa,Eastern Africa,Kenya,Total persons held,2012,44522
Africa,Eastern Africa,Kenya,Total persons held,2011,51068
Africa,Eastern Africa,Kenya,Total persons held,2010,48153
Africa,Eastern Africa,Kenya,Total persons held,2009,48122
Africa,Eastern Africa,Kenya,Total persons held,2008,49092
Africa,Eastern Africa,Kenya,Total persons held,2015,54225
Africa,Eastern Africa,Kenya,Total persons held,2014,53537
Africa,Eastern Africa,Kenya,Total persons held,2016,48500
Africa,Eastern Africa,Kenya,Total persons held,2017,51021
Europe,Northern Europe,Latvia,Number of facilities,2014,12
Europe,Northern Europe,Latvia,Total persons held,2016,4243
Europe,Northern Europe,Latvia,Total persons held,2017,3765
Europe,Northern Europe,Latvia,Number of facilities,2017,10
Europe,Northern Europe,Latvia,Number of facilities,2016,11
Europe,Northern Europe,Latvia,Number of facilities,2015,11
Europe,Northern Europe,Latvia,Total persons held,2014,4745
Europe,Northern Europe,Latvia,Total persons held,2011,6561
Europe,Northern Europe,Latvia,Total persons held,2015,4409
Europe,Northern Europe,Latvia,Total persons held,2008,6548
Europe,Northern Europe,Latvia,Total persons held,2009,7055
Europe,Northern Europe,Latvia,Total persons held,2010,6780
Europe,Northern Europe,Latvia,Total persons held,2012,6117
Europe,Northern Europe,Latvia,Total persons held,2013,5136
Europe,Northern Europe,Latvia,Total persons held,2003,8305
Europe,Northern Europe,Latvia,Total persons held,2004,8231
Europe,Northern Europe,Latvia,Total persons held,2005,7646
Europe,Northern Europe,Latvia,Total persons held,2006,6965
Europe,Northern Europe,Latvia,Total persons held,2007,6548
Asia,Western Asia,Lebanon,Total persons held,2005,6921
Asia,Western Asia,Lebanon,Total persons held,2006,6101
Asia,Western Asia,Lebanon,Total persons held,2013,5393
Asia,Western Asia,Lebanon,Total persons held,2012,5060
Asia,Western Asia,Lebanon,Total persons held,2011,5169
Asia,Western Asia,Lebanon,Total persons held,2010,5060
Asia,Western Asia,Lebanon,Total persons held,2009,4901
Asia,Western Asia,Lebanon,Total persons held,2017,6458
Asia,Western Asia,Lebanon,Total persons held,2016,6217
Asia,Western Asia,Lebanon,Total persons held,2015,6325
Asia,Western Asia,Lebanon,Total persons held,2014,6365
Europe,Western Europe,Liechtenstein,Total persons held,2005,130
Europe,Western Europe,Liechtenstein,Total persons held,2006,98
Europe,Western Europe,Liechtenstein,Total persons held,2007,26
Europe,Western Europe,Liechtenstein,Total persons held,2013,68
Europe,Western Europe,Liechtenstein,Total persons held,2012,60
Europe,Western Europe,Liechtenstein,Total persons held,2011,71
Europe,Western Europe,Liechtenstein,Total persons held,2017,73
Europe,Western Europe,Liechtenstein,Total persons held,2010,76
Europe,Western Europe,Liechtenstein,Total persons held,2009,149
Europe,Western Europe,Liechtenstein,Total persons held,2008,78
Europe,Western Europe,Liechtenstein,Total persons held,2014,53
Europe,Western Europe,Liechtenstein,Total persons held,2015,53
Europe,Western Europe,Liechtenstein,Total persons held,2016,72
Europe,Northern Europe,Lithuania,Total persons held,2003,8063
Europe,Northern Europe,Lithuania,Total persons held,2004,8125
Europe,Northern Europe,Lithuania,Total persons held,2005,8137
Europe,Northern Europe,Lithuania,Total persons held,2006,8079
Europe,Northern Europe,Lithuania,Total persons held,2007,7866
Europe,Northern Europe,Lithuania,Total persons held,2008,8000
Europe,Northern Europe,Lithuania,Number of facilities,2014,11
Europe,Northern Europe,Lithuania,Total persons held,2015,7355
Europe,Northern Europe,Lithuania,Total persons held,2016,6815
Europe,Northern Europe,Lithuania,Total persons held,2017,6599
Europe,Northern Europe,Lithuania,Number of facilities,2017,11
Europe,Northern Europe,Lithuania,Number of facilities,2016,11
Europe,Northern Europe,Lithuania,Number of facilities,2015,11
Europe,Northern Europe,Lithuania,Total persons held,2009,8655
Europe,Northern Europe,Lithuania,Total persons held,2010,9139
Europe,Northern Europe,Lithuania,Total persons held,2011,9920
Europe,Northern Europe,Lithuania,Total persons held,2012,9729
Europe,Northern Europe,Lithuania,Total persons held,2013,9261
Europe,Northern Europe,Lithuania,Total persons held,2014,8636
Europe,Western Europe,Luxembourg,Total persons held,2006,735
Europe,Western Europe,Luxembourg,Total persons held,2007,741
Europe,Western Europe,Luxembourg,Total persons held,2008,762
Europe,Western Europe,Luxembourg,Total persons held,2009,702
Europe,Western Europe,Luxembourg,Total persons held,2010,681
Europe,Western Europe,Luxembourg,Total persons held,2011,637
Europe,Western Europe,Luxembourg,Number of facilities,2017,2
Europe,Western Europe,Luxembourg,Number of facilities,2016,2
Europe,Western Europe,Luxembourg,Number of facilities,2015,2
Europe,Western Europe,Luxembourg,Number of facilities,2014,2
Europe,Western Europe,Luxembourg,Total persons held,2013,656
Europe,Western Europe,Luxembourg,Total persons held,2012,666
Europe,Western Europe,Luxembourg,Total persons held,2015,691
Europe,Western Europe,Luxembourg,Total persons held,2014,626
Europe,Western Europe,Luxembourg,Total persons held,2016,724
Europe,Western Europe,Luxembourg,Total persons held,2017,684
Asia,Eastern Asia,Macao Special Administrative Region of China,Number of facilities,2017,1
Asia,Eastern Asia,Macao Special Administrative Region of China,Number of facilities,2016,1
Asia,Eastern Asia,Macao Special Administrative Region of China,Number of facilities,2015,1
Asia,Eastern Asia,Macao Special Administrative Region of China,Number of facilities,2014,1
Asia,Eastern Asia,Macao Special Administrative Region of China,Total persons held,2015,1280
Asia,Eastern Asia,Macao Special Administrative Region of China,Total persons held,2016,1271
Asia,Eastern Asia,Macao Special Administrative Region of China,Total persons held,2017,1284
Asia,Eastern Asia,Macao Special Administrative Region of China,Total persons held,2012,1112
Asia,Eastern Asia,Macao Special Administrative Region of China,Total persons held,2011,1030
Asia,Eastern Asia,Macao Special Administrative Region of China,Total persons held,2010,929
Asia,Eastern Asia,Macao Special Administrative Region of China,Total persons held,2009,930
Asia,Eastern Asia,Macao Special Administrative Region of China,Total persons held,2008,912
Asia,Eastern Asia,Macao Special Administrative Region of China,Total persons held,2014,1205
Asia,Eastern Asia,Macao Special Administrative Region of China,Total persons held,2013,1154
Americas,Central America,Mexico,Total persons held,2003,185606
Americas,Central America,Mexico,Total persons held,2004,196577
Americas,Central America,Mexico,Total persons held,2005,208072
Americas,Central America,Mexico,Total persons held,2006,211308
Americas,Central America,Mexico,Total persons held,2007,213682
Americas,Central America,Mexico,Total persons held,2009,236477
Americas,Central America,Mexico,Total persons held,2015,221439
Americas,Central America,Mexico,Total persons held,2014,228021
Americas,Central America,Mexico,Number of facilities,2017,310
Americas,Central America,Mexico,Number of facilities,2016,322
Americas,Central America,Mexico,Number of facilities,2015,327
Americas,Central America,Mexico,Number of facilities,2014,326
Americas,Central America,Mexico,Total persons held,2010,230266
Americas,Central America,Mexico,Total persons held,2011,242627
Americas,Central America,Mexico,Total persons held,2012,235552
Americas,Central America,Mexico,Total persons held,2013,218373
Americas,Central America,Mexico,Total persons held,2017,181999
Americas,Central America,Mexico,Total persons held,2016,190175
Asia,Eastern Asia,Mongolia,Total persons held,2004,8124
Asia,Eastern Asia,Mongolia,Total persons held,2005,8906
Asia,Eastern Asia,Mongolia,Total persons held,2006,6740
Asia,Eastern Asia,Mongolia,Total persons held,2007,7923
Asia,Eastern Asia,Mongolia,Total persons held,2008,8098
Asia,Eastern Asia,Mongolia,Total persons held,2009,6532
Asia,Eastern Asia,Mongolia,Total persons held,2016,5692
Asia,Eastern Asia,Mongolia,Total persons held,2017,3869
Asia,Eastern Asia,Mongolia,Total persons held,2010,7421
Asia,Eastern Asia,Mongolia,Total persons held,2011,8011
Asia,Eastern Asia,Mongolia,Total persons held,2012,8145
Asia,Eastern Asia,Mongolia,Total persons held,2013,8068
Asia,Eastern Asia,Mongolia,Total persons held,2014,7690
Asia,Eastern Asia,Mongolia,Total persons held,2015,5471
Europe,Southern Europe,Montenegro,Total persons held,2003,741
Europe,Southern Europe,Montenegro,Total persons held,2004,799
Europe,Southern Europe,Montenegro,Total persons held,2005,894
Europe,Southern Europe,Montenegro,Total persons held,2006,851
Europe,Southern Europe,Montenegro,Total persons held,2007,957
Europe,Southern Europe,Montenegro,Total persons held,2008,1216
Europe,Southern Europe,Montenegro,Total persons held,2015,1131
Europe,Southern Europe,Montenegro,Total persons held,2016,1123
Europe,Southern Europe,Montenegro,Total persons held,2017,1119
Europe,Southern Europe,Montenegro,Number of facilities,2017,11
Europe,Southern Europe,Montenegro,Number of facilities,2016,10
Europe,Southern Europe,Montenegro,Total persons held,2009,1499
Europe,Southern Europe,Montenegro,Total persons held,2010,1457
Europe,Southern Europe,Montenegro,Total persons held,2011,1328
Europe,Southern Europe,Montenegro,Total persons held,2012,1331
Europe,Southern Europe,Montenegro,Total persons held,2013,1064
Europe,Southern Europe,Montenegro,Total persons held,2014,1123
Africa,Northern Africa,Morocco,Total persons held,2003,54542
Africa,Northern Africa,Morocco,Total persons held,2004,59069
Africa,Northern Africa,Morocco,Total persons held,2005,50933
Africa,Northern Africa,Morocco,Total persons held,2006,53580
Africa,Northern Africa,Morocco,Total persons held,2007,54660
Africa,Northern Africa,Morocco,Total persons held,2008,59212
Africa,Northern Africa,Morocco,Total persons held,2010,64877
Africa,Northern Africa,Morocco,Total persons held,2017,83102
Africa,Northern Africa,Morocco,Total persons held,2016,78716
Africa,Northern Africa,Morocco,Number of facilities,2017,77
Africa,Northern Africa,Morocco,Number of facilities,2016,78
Africa,Northern Africa,Morocco,Total persons held,2009,57563
Africa,Northern Africa,Morocco,Total persons held,2015,74039
Africa,Northern Africa,Morocco,Total persons held,2014,74941
Africa,Northern Africa,Morocco,Total persons held,2013,72005
Africa,Northern Africa,Morocco,Total persons held,2012,70758
Africa,Northern Africa,Morocco,Total persons held,2011,64833
Europe,Western Europe,Netherlands,Total persons held,2003,16184
Europe,Western Europe,Netherlands,Total persons held,2004,18766
Europe,Western Europe,Netherlands,Total persons held,2005,17560
Europe,Western Europe,Netherlands,Total persons held,2006,16091
Europe,Western Europe,Netherlands,Total persons held,2007,15151
Europe,Western Europe,Netherlands,Total persons held,2013,12721
Europe,Western Europe,Netherlands,Total persons held,2015,10850
Europe,Western Europe,Netherlands,Total persons held,2016,10601
Europe,Western Europe,Netherlands,Total persons held,2017,10874
Europe,Western Europe,Netherlands,Total persons held,2012,13473
Europe,Western Europe,Netherlands,Total persons held,2011,13969
Europe,Western Europe,Netherlands,Total persons held,2010,14368
Europe,Western Europe,Netherlands,Total persons held,2009,14364
Europe,Western Europe,Netherlands,Total persons held,2008,14610
Europe,Western Europe,Netherlands,Total persons held,2014,11934
Africa,Eastern Africa,Uganda,Total persons held,2003,17952
Africa,Eastern Africa,Uganda,Total persons held,2004,18549
Africa,Eastern Africa,Uganda,Total persons held,2005,19048
Africa,Eastern Africa,Uganda,Total persons held,2006,19225
Africa,Eastern Africa,Uganda,Total persons held,2007,19247
Africa,Eastern Africa,Uganda,Total persons held,2008,28775
Africa,Eastern Africa,Uganda,Total persons held,2009,31173
Africa,Eastern Africa,Uganda,Total persons held,2010,31230
Africa,Eastern Africa,Uganda,Total persons held,2011,32021
Africa,Eastern Africa,Uganda,Total persons held,2012,35212
Africa,Eastern Africa,Uganda,Total persons held,2013,39568
Africa,Eastern Africa,Uganda,Total persons held,2014,42330
Africa,Eastern Africa,Uganda,Total persons held,2015,45527
Africa,Eastern Africa,Uganda,Total persons held,2016,51354
Africa,Eastern Africa,Uganda,Total persons held,2017,48894
Americas,Central America,Panama,Total persons held,2004,12015
Americas,Central America,Panama,Total persons held,2005,12262
Americas,South America,Paraguay,Total persons held,2005,6281
Americas,Central America,Panama,Total persons held,2006,12189
Americas,South America,Paraguay,Total persons held,2006,6006
Americas,Central America,Panama,Total persons held,2007,12065
Americas,South America,Paraguay,Total persons held,2007,5827
Americas,Caribbean,Puerto Rico,Total persons held,2008,12130
Americas,Central America,Panama,Total persons held,2008,10217
Americas,South America,Paraguay,Total persons held,2008,5824
Americas,Caribbean,Puerto Rico,Total persons held,2009,11258
Americas,Central America,Panama,Total persons held,2009,10878
Americas,South America,Paraguay,Total persons held,2009,6631
Americas,Caribbean,Puerto Rico,Total persons held,2010,10894
Americas,Central America,Panama,Total persons held,2010,12542
Americas,South America,Paraguay,Total persons held,2010,6197
Americas,Caribbean,Puerto Rico,Total persons held,2011,11470
Americas,Central America,Panama,Total persons held,2011,13207
Americas,South America,Paraguay,Total persons held,2011,7161
Americas,Caribbean,Puerto Rico,Total persons held,2012,12244
Americas,Central America,Panama,Total persons held,2012,14481
Americas,South America,Paraguay,Total persons held,2012,8194
Americas,Caribbean,Puerto Rico,Total persons held,2013,12246
Americas,Central America,Panama,Total persons held,2013,14467
Americas,South America,Paraguay,Total persons held,2013,9233
Americas,Caribbean,Puerto Rico,Total persons held,2014,12246
Americas,Central America,Panama,Total persons held,2014,15690
Americas,South America,Paraguay,Total persons held,2014,10847
Americas,Caribbean,Puerto Rico,Total persons held,2015,11364
Americas,Central America,Panama,Total persons held,2015,16824
Americas,South America,Paraguay,Total persons held,2015,12896
Americas,Caribbean,Puerto Rico,Total persons held,2016,10727
Americas,Central America,Panama,Total persons held,2016,16583
Americas,South America,Paraguay,Total persons held,2016,13345
Americas,Caribbean,Puerto Rico,Total persons held,2017,10039
Americas,Central America,Panama,Total persons held,2017,16155
Americas,South America,Paraguay,Total persons held,2017,14061
Asia,Eastern Asia,Republic of Korea,Total persons held,2003,57336
Asia,South-Eastern Asia,Singapore,Total persons held,2003,17375
Asia,Eastern Asia,Republic of Korea,Total persons held,2004,54796
Asia,South-Eastern Asia,Philippines,Total persons held,2004,55919
Asia,South-Eastern Asia,Singapore,Total persons held,2004,15623
Asia,Eastern Asia,Republic of Korea,Total persons held,2005,47311
Asia,South-Eastern Asia,Philippines,Total persons held,2005,61331
Asia,South-Eastern Asia,Singapore,Total persons held,2005,14453
Asia,Eastern Asia,Republic of Korea,Total persons held,2006,45651
Asia,South-Eastern Asia,Philippines,Total persons held,2006,60732
Asia,South-Eastern Asia,Singapore,Total persons held,2006,12761
Asia,Eastern Asia,Republic of Korea,Total persons held,2007,45647
Asia,South-Eastern Asia,Philippines,Total persons held,2007,60205
Asia,South-Eastern Asia,Singapore,Total persons held,2007,12410
Asia,Eastern Asia,Republic of Korea,Total persons held,2008,47966
Asia,South-Eastern Asia,Philippines,Total persons held,2008,61370
Asia,South-Eastern Asia,Singapore,Total persons held,2008,12500
Asia,Eastern Asia,Republic of Korea,Total persons held,2009,48228
Asia,South-Eastern Asia,Philippines,Total persons held,2009,58711
Asia,South-Eastern Asia,Singapore,Total persons held,2009,13428
Asia,Eastern Asia,Republic of Korea,Total persons held,2010,45681
Asia,South-Eastern Asia,Philippines,Total persons held,2010,95390
Asia,South-Eastern Asia,Singapore,Total persons held,2010,13604
Asia,Eastern Asia,Republic of Korea,Total persons held,2011,45038
Asia,South-Eastern Asia,Philippines,Total persons held,2011,100590
Asia,South-Eastern Asia,Singapore,Total persons held,2011,13164
Asia,Eastern Asia,Republic of Korea,Total persons held,2012,46708
Asia,South-Eastern Asia,Philippines,Total persons held,2012,106623
Asia,South-Eastern Asia,Singapore,Total persons held,2012,12975
Asia,Eastern Asia,Republic of Korea,Total persons held,2013,48824
Asia,South-Eastern Asia,Philippines,Total persons held,2013,111411
Asia,South-Eastern Asia,Singapore,Total persons held,2013,13334
Asia,Eastern Asia,Republic of Korea,Total persons held,2014,51761
Asia,South-Eastern Asia,Philippines,Total persons held,2014,124550
Asia,South-Eastern Asia,Singapore,Total persons held,2014,12794
Asia,Eastern Asia,Republic of Korea,Total persons held,2015,54667
Asia,South-Eastern Asia,Philippines,Total persons held,2015,139469
Asia,South-Eastern Asia,Singapore,Total persons held,2015,12640
Asia,Eastern Asia,Republic of Korea,Total persons held,2016,57675
Asia,South-Eastern Asia,Philippines,Total persons held,2016,170543
Asia,South-Eastern Asia,Singapore,Total persons held,2016,12454
Asia,Eastern Asia,Republic of Korea,Total persons held,2017,55198
Asia,South-Eastern Asia,Singapore,Total persons held,2017,11931
Asia,Western Asia,Saudi Arabia,Total persons held,2017,68056
Europe,Eastern Europe,Poland,Total persons held,2003,79281
Europe,Eastern Europe,Romania,Total persons held,2003,42815
Europe,Eastern Europe,Slovakia,Total persons held,2003,8873
Europe,Eastern Europe,Ukraine,Total persons held,2003,191241
Europe,Northern Europe,Sweden,Total persons held,2003,6755
Europe,Southern Europe,North Macedonia,Total persons held,2003,1608
Europe,Southern Europe,Portugal,Total persons held,2003,13835
Europe,Southern Europe,Slovenia,Total persons held,2003,1070
Europe,Southern Europe,Spain,Total persons held,2003,56061
Europe,Western Europe,Switzerland,Total persons held,2003,5223
Europe,Eastern Europe,Poland,Total persons held,2004,80368
Europe,Eastern Europe,Romania,Total persons held,2004,39031
Europe,Eastern Europe,Russian Federation,Total persons held,2004,762762
Europe,Eastern Europe,Slovakia,Total persons held,2004,9422
Europe,Eastern Europe,Ukraine,Total persons held,2004,192047
Europe,Northern Europe,Sweden,Total persons held,2004,7332
Europe,Southern Europe,North Macedonia,Total persons held,2004,1782
Europe,Southern Europe,Portugal,Total persons held,2004,13152
Europe,Southern Europe,Slovenia,Total persons held,2004,1085
Europe,Southern Europe,Spain,Total persons held,2004,59375
Europe,Western Europe,Switzerland,Total persons held,2004,5983
Europe,Eastern Europe,Poland,Total persons held,2005,84875
Europe,Eastern Europe,Romania,Total persons held,2005,36700
Europe,Eastern Europe,Russian Federation,Total persons held,2005,823396
Europe,Eastern Europe,Slovakia,Total persons held,2005,8897
Europe,Eastern Europe,Ukraine,Total persons held,2005,170923
Europe,Northern Europe,Sweden,Total persons held,2005,7377
Europe,Southern Europe,North Macedonia,Total persons held,2005,2132
Europe,Southern Europe,Portugal,Total persons held,2005,12889
Europe,Southern Europe,Slovenia,Total persons held,2005,1132
Europe,Southern Europe,Spain,Total persons held,2005,61054
Europe,Western Europe,Switzerland,Total persons held,2005,6137
Europe,Eastern Europe,Poland,Total persons held,2006,90529
Europe,Eastern Europe,Romania,Total persons held,2006,34038
Europe,Eastern Europe,Russian Federation,Total persons held,2006,871360
Europe,Eastern Europe,Slovakia,Total persons held,2006,8249
Europe,Eastern Europe,Ukraine,Total persons held,2006,160725
Europe,Northern Europe,Sweden,Total persons held,2006,7397
Europe,Southern Europe,North Macedonia,Total persons held,2006,2038
Europe,Southern Europe,Portugal,Total persons held,2006,12636
Europe,Southern Europe,Slovenia,Total persons held,2006,1301
Europe,Southern Europe,Spain,Total persons held,2006,64021
Europe,Western Europe,Switzerland,Total persons held,2006,5567
Europe,Eastern Europe,Poland,Total persons held,2007,89648
Europe,Eastern Europe,Romania,Total persons held,2007,29390
Europe,Eastern Europe,Russian Federation,Total persons held,2007,883168
Europe,Eastern Europe,Slovakia,Total persons held,2007,7986
Europe,Eastern Europe,Ukraine,Total persons held,2007,149690
Europe,Northern Europe,Sweden,Total persons held,2007,6977
Europe,Southern Europe,Portugal,Total persons held,2007,11587
Europe,Southern Europe,Serbia,Total persons held,2007,9043
Europe,Southern Europe,Slovenia,Total persons held,2007,1336
Europe,Southern Europe,Spain,Total persons held,2007,67100
Europe,Western Europe,Switzerland,Total persons held,2007,5278
Europe,Eastern Europe,Poland,Total persons held,2008,84978
Europe,Eastern Europe,Romania,Total persons held,2008,26212
Europe,Eastern Europe,Russian Federation,Total persons held,2008,887501
Europe,Eastern Europe,Slovakia,Total persons held,2008,8166
Europe,Eastern Europe,Ukraine,Total persons held,2008,145946
Europe,Northern Europe,Sweden,Total persons held,2008,7073
Europe,Southern Europe,Portugal,Total persons held,2008,10807
Europe,Southern Europe,Serbia,Total persons held,2008,9701
Europe,Southern Europe,Slovenia,Total persons held,2008,1318
Europe,Southern Europe,Spain,Total persons held,2008,73558
Europe,Western Europe,Switzerland,Total persons held,2008,5303
Europe,Eastern Europe,Poland,Total persons held,2009,85749
Europe,Eastern Europe,Romania,Total persons held,2009,26716
Europe,Eastern Europe,Russian Federation,Total persons held,2009,863899
Europe,Eastern Europe,Slovakia,Total persons held,2009,9316
Europe,Eastern Europe,Ukraine,Total persons held,2009,147716
Europe,Northern Europe,Sweden,Total persons held,2009,7286
Europe,Southern Europe,Portugal,Total persons held,2009,11287
Europe,Southern Europe,Serbia,Total persons held,2009,10975
Europe,Southern Europe,Slovenia,Total persons held,2009,1365
Europe,Southern Europe,Spain,Total persons held,2009,76079
Europe,Western Europe,Switzerland,Total persons held,2009,5605
Europe,Eastern Europe,Poland,Total persons held,2010,82372
Europe,Eastern Europe,Romania,Total persons held,2010,28244
Europe,Eastern Europe,Russian Federation,Total persons held,2010,818037
Europe,Eastern Europe,Slovakia,Total persons held,2010,10031
Europe,Eastern Europe,Ukraine,Total persons held,2010,154027
Europe,Northern Europe,Sweden,Total persons held,2010,6846
Europe,Southern Europe,Portugal,Total persons held,2010,11839
Europe,Southern Europe,Serbia,Total persons held,2010,11211
Europe,Southern Europe,Slovenia,Total persons held,2010,1351
Europe,Southern Europe,Spain,Total persons held,2010,73929
Europe,Western Europe,Switzerland,Total persons held,2010,5765
Europe,Eastern Europe,Poland,Total persons held,2011,82832
Europe,Eastern Europe,Romania,Total persons held,2011,30694
Europe,Eastern Europe,Russian Federation,Total persons held,2011,755648
Europe,Eastern Europe,Slovakia,Total persons held,2011,10525
Europe,Eastern Europe,Ukraine,Total persons held,2011,154029
Europe,Northern Europe,Sweden,Total persons held,2011,6669
Europe,Southern Europe,Portugal,Total persons held,2011,12955
Europe,Southern Europe,Serbia,Total persons held,2011,11070
Europe,Southern Europe,Slovenia,Total persons held,2011,1273
Europe,Southern Europe,Spain,Total persons held,2011,70472
Europe,Western Europe,Switzerland,Total persons held,2011,5626
Europe,Eastern Europe,Poland,Total persons held,2012,85459
Europe,Eastern Europe,Romania,Total persons held,2012,31817
Europe,Eastern Europe,Russian Federation,Total persons held,2012,701909
Europe,Eastern Europe,Slovakia,Total persons held,2012,10850
Europe,Northern Europe,Sweden,Total persons held,2012,6296
Europe,Southern Europe,Portugal,Total persons held,2012,13875
Europe,Southern Europe,Serbia,Total persons held,2012,10226
Europe,Southern Europe,Slovenia,Total persons held,2012,1377
Europe,Southern Europe,Spain,Total persons held,2012,68597
Europe,Western Europe,Switzerland,Total persons held,2012,6102
Europe,Eastern Europe,Poland,Total persons held,2013,80165
Europe,Eastern Europe,Romania,Total persons held,2013,33434
Europe,Eastern Europe,Russian Federation,Total persons held,2013,677287
Europe,Eastern Europe,Slovakia,Total persons held,2013,9753
Europe,Northern Europe,Sweden,Total persons held,2013,5723
Europe,Southern Europe,Portugal,Total persons held,2013,14535
Europe,Southern Europe,Serbia,Total persons held,2013,10031
Europe,Southern Europe,Slovenia,Total persons held,2013,1360
Europe,Southern Europe,Spain,Total persons held,2013,66765
Europe,Western Europe,Switzerland,Total persons held,2013,6652
Europe,Eastern Europe,Poland,Total persons held,2014,79345
Europe,Eastern Europe,Romania,Total persons held,2014,30156
Europe,Eastern Europe,Russian Federation,Total persons held,2014,671649
Europe,Eastern Europe,Slovakia,Total persons held,2014,10020
Europe,Northern Europe,Sweden,Total persons held,2014,5807
Europe,Southern Europe,Portugal,Total persons held,2014,14198
Europe,Southern Europe,Serbia,Total persons held,2014,10288
Europe,Southern Europe,Slovenia,Total persons held,2014,1522
Europe,Southern Europe,Spain,Total persons held,2014,65017
Europe,Western Europe,Switzerland,Total persons held,2014,6519
Europe,Eastern Europe,Poland,Total persons held,2015,72695
Europe,Eastern Europe,Romania,Total persons held,2015,28334
Europe,Eastern Europe,Russian Federation,Total persons held,2015,646085
Europe,Eastern Europe,Slovakia,Total persons held,2015,9913
Europe,Northern Europe,Sweden,Total persons held,2015,5691
Europe,Southern Europe,Portugal,Total persons held,2015,14373
Europe,Southern Europe,Serbia,Total persons held,2015,10064
Europe,Southern Europe,Slovenia,Total persons held,2015,1399
Europe,Southern Europe,Spain,Total persons held,2015,61614
Europe,Western Europe,Switzerland,Total persons held,2015,6498
Europe,Eastern Europe,Poland,Total persons held,2016,72209
Europe,Eastern Europe,Romania,Total persons held,2016,27455
Europe,Eastern Europe,Russian Federation,Total persons held,2016,630155
Europe,Eastern Europe,Slovakia,Total persons held,2016,9995
Europe,Northern Europe,Sweden,Total persons held,2016,5658
Europe,Southern Europe,North Macedonia,Total persons held,2016,3231
Europe,Southern Europe,Portugal,Total persons held,2016,13917
Europe,Southern Europe,Serbia,Total persons held,2016,10672
Europe,Southern Europe,Slovenia,Total persons held,2016,1308
Europe,Southern Europe,Spain,Total persons held,2016,59589
Europe,Western Europe,Switzerland,Total persons held,2016,6541
Europe,Eastern Europe,Poland,Total persons held,2017,74480
Europe,Eastern Europe,Romania,Total persons held,2017,23450
Europe,Eastern Europe,Russian Federation,Total persons held,2017,602176
Europe,Eastern Europe,Slovakia,Total persons held,2017,10028
Europe,Eastern Europe,Ukraine,Total persons held,2017,57100
Europe,Northern Europe,Sweden,Total persons held,2017,5713
Europe,Southern Europe,North Macedonia,Total persons held,2017,3031
Europe,Southern Europe,Portugal,Total persons held,2017,13587
Europe,Southern Europe,Serbia,Total persons held,2017,10807
Europe,Southern Europe,Slovenia,Total persons held,2017,1316
Europe,Southern Europe,Spain,Total persons held,2017,58814
Europe,Western Europe,Switzerland,Total persons held,2017,6564
Asia,South-Eastern Asia,Philippines,Number of facilities,2014,933
Asia,South-Eastern Asia,Singapore,Number of facilities,2014,14
Asia,South-Eastern Asia,Philippines,Number of facilities,2015,933
Asia,South-Eastern Asia,Singapore,Number of facilities,2015,14
Asia,Eastern Asia,Republic of Korea,Number of facilities,2016,53
Asia,South-Eastern Asia,Philippines,Number of facilities,2016,933
Asia,South-Eastern Asia,Singapore,Number of facilities,2016,14
Asia,Eastern Asia,Republic of Korea,Number of facilities,2017,53
Asia,South-Eastern Asia,Philippines,Number of facilities,2017,933
Asia,South-Eastern Asia,Singapore,Number of facilities,2017,14
Europe,Eastern Europe,Poland,Number of facilities,2014,197
Europe,Eastern Europe,Romania,Number of facilities,2014,45
Europe,Eastern Europe,Russian Federation,Number of facilities,2014,948
Europe,Eastern Europe,Slovakia,Number of facilities,2014,18
Europe,Northern Europe,Sweden,Number of facilities,2014,78
Europe,Southern Europe,Portugal,Number of facilities,2014,49
Europe,Southern Europe,Serbia,Number of facilities,2014,36
Europe,Southern Europe,Slovenia,Number of facilities,2014,7
Europe,Southern Europe,Spain,Number of facilities,2014,83
Europe,Western Europe,Switzerland,Number of facilities,2014,114
Europe,Eastern Europe,Poland,Number of facilities,2015,196
Europe,Eastern Europe,Romania,Number of facilities,2015,45
Europe,Eastern Europe,Russian Federation,Number of facilities,2015,941
Europe,Eastern Europe,Slovakia,Number of facilities,2015,18
Europe,Northern Europe,Sweden,Number of facilities,2015,79
Europe,Southern Europe,Portugal,Number of facilities,2015,49
Europe,Southern Europe,Serbia,Number of facilities,2015,36
Europe,Southern Europe,Slovenia,Number of facilities,2015,7
Europe,Southern Europe,Spain,Number of facilities,2015,83
Europe,Western Europe,Switzerland,Number of facilities,2015,117
Europe,Eastern Europe,Poland,Number of facilities,2016,196
Europe,Eastern Europe,Romania,Number of facilities,2016,45
Europe,Eastern Europe,Russian Federation,Number of facilities,2016,941
Europe,Eastern Europe,Slovakia,Number of facilities,2016,18
Europe,Northern Europe,Sweden,Number of facilities,2016,77
Europe,Southern Europe,Portugal,Number of facilities,2016,49
Europe,Southern Europe,Serbia,Number of facilities,2016,29
Europe,Southern Europe,Slovenia,Number of facilities,2016,14
Europe,Southern Europe,Spain,Number of facilities,2016,83
Europe,Western Europe,Switzerland,Number of facilities,2016,114
Europe,Eastern Europe,Poland,Number of facilities,2017,195
Europe,Eastern Europe,Romania,Number of facilities,2017,45
Europe,Eastern Europe,Russian Federation,Number of facilities,2017,939
Europe,Eastern Europe,Slovakia,Number of facilities,2017,18
Europe,Eastern Europe,Ukraine,Number of facilities,2017,148
Europe,Northern Europe,Sweden,Number of facilities,2017,75
Europe,Southern Europe,North Macedonia,Number of facilities,2017,12
Europe,Southern Europe,Portugal,Number of facilities,2017,49
Europe,Southern Europe,Serbia,Number of facilities,2017,36
Europe,Southern Europe,Slovenia,Number of facilities,2017,14
Europe,Southern Europe,Spain,Number of facilities,2017,83
Europe,Western Europe,Switzerland,Number of facilities,2017,106
